State_UT,State_UT_Code,Fiscal Year,Estimate,Per Capita Expenditure on Health Sector ,Total Health Sector Expenditure,Total Health Sector Expenditure as % of State Budget,Revenue Expenditure as % of Total Health Sector Expenditure,Capital Expenditure (including Loans & Advances ) as % of Total Health Sector Expenditure,,,,,,,,,,,,
Andhra Pradesh,1,2016-17,Actuals,1255,6456,3.9,93.8,6.2,,,,,,,,,,,,
Andhra Pradesh,1,2017-18,Budget Estimates,1396,7223,4.6,93.8,6.2,,,,,,,,,,,,
Andhra Pradesh,1,2017-18,Revised Estimates,1319,6827,4.3,95.9,4.1,,,,,,,,,,,,
Andhra Pradesh,1,2017-18,Actuals,1248,6457,4.4,96.9,3.1,,,,,,,,,,,,
Andhra Pradesh,1,2018-19,Budget Estimates,1686,8775,4.6,94.6,5.4,,,,,,,,,,,,
Andhra Pradesh,1,2018-19,Revised Estimates,1430,7440,4.6,97.7,2.3,,,,,,,,,,,,
Andhra Pradesh,1,2018-19,Actuals,1430,7442,4.5,97.6,2.4,,,,,,,,,,,,
Andhra Pradesh,1,2019-20,Budget Estimates,2223,11628,5.1,78.9,21.1,,,,,,,,,,,,
Andhra Pradesh,1,2019-20,Revised Estimates,1468,7682,4.4,96.7,3.3,,,,,,,,,,,,
Andhra Pradesh,1,2019-20,Actuals,1458,7630,4.4,97.3,2.7,,,,,,,,,,,,
Andhra Pradesh,1,2020-21,Budget Estimates,2222,11688,5.2,81.5,18.5,,,,,,,,,,,,
Andhra Pradesh,1,2020-21,Revised Estimates,1827,9609,5.2,93.9,6.1,,,,,,,,,,,,
Andhra Pradesh,1,2020-21,Actuals,1816,9550,5.1,94.4,5.6,,,,,,,,,,,,
Andhra Pradesh,1,2021-22,Budget Estimates,2669,14103,6.1,82.5,17.5,,,,,,,,,,,,
Andhra Pradesh,1,2021-22,Revised Estimates,2641,13957,6.7,93.1,6.9,,,,,,,,,,,,
Andhra Pradesh,1,2022-23,Budget Estimates,2973,15725,6.1,76.3,23.7,,,,,,,,,,,,
Arunachal Pradesh,2,2016-17,Actuals,,,,,,,,,,,,,,,,,
Arunachal Pradesh,2,2017-18,Budget Estimates,,,,,,,,,,,,,,,,,
Arunachal Pradesh,2,2017-18,Revised Estimates,,,,,,,,,,,,,,,,,
Arunachal Pradesh,2,2017-18,Actuals,6345,935,6.4,95.5,4.5,,,,,,,,,,,,
Arunachal Pradesh,2,2018-19,Budget Estimates,7887,1174,6.3,63.4,36.6,,,,,,,,,,,,
Arunachal Pradesh,2,2018-19,Revised Estimates,9582,1427,6.7,92.2,7.8,,,,,,,,,,,,
Arunachal Pradesh,2,2018-19,Actuals,7506,1118,6.1,94.9,5.1,,,,,,,,,,,,
Arunachal Pradesh,2,2019-20,Budget Estimates,9904,1490,6.8,88.6,11.4,,,,,,,,,,,,
Arunachal Pradesh,2,2019-20,Revised Estimates,6682,1005,5.6,93.0,7.0,,,,,,,,,,,,
Arunachal Pradesh,2,2019-20,Actuals,6672,1003,6.2,94.1,5.9,,,,,,,,,,,,
Arunachal Pradesh,2,2020-21,Budget Estimates,6573,998,4.6,94.9,5.1,,,,,,,,,,,,
Arunachal Pradesh,2,2020-21,Revised Estimates,6643,1009,4.8,98.6,1.4,,,,,,,,,,,,
Arunachal Pradesh,2,2020-21,Actuals,6069,940,5.0,98.9,1.1,,,,,,,,,,,,
Arunachal Pradesh,2,2021-22,Budget Estimates,7339,1125,5.0,98.9,1.1,,,,,,,,,,,,
Arunachal Pradesh,2,2021-22,Revised Estimates,9179,1407,5.5,97.8,2.2,,,,,,,,,,,,
Arunachal Pradesh,2,2022-23,Budget Estimates,8315,1287,5.0,91.5,8.5,,,,,,,,,,,,
Assam,3,2016-17,Actuals,962,3203,5.6,98.9,1.1,,,,,,,,,,,,
Assam,3,2017-18,Budget Estimates,1456,4901,5.7,90.7,9.3,,,,,,,,,,,,
Assam,3,2017-18,Revised Estimates,1699,5719,5.8,91.3,8.7,,,,,,,,,,,,
Assam,3,2017-18,Actuals,1321,4449,6.8,94.8,5.2,,,,,,,,,,,,
Assam,3,2018-19,Budget Estimates,1583,5388,6.0,88.7,11.3,,,,,,,,,,,,
Assam,3,2018-19,Revised Estimates,2135,7268,6.7,88.6,11.4,,,,,,,,,,,,
Assam,3,2018-19,Actuals,1366,4650,6.5,91.6,8.4,,,,,,,,,,,,
Assam,3,2019-20,Budget Estimates,2052,7061,7.1,90.7,9.3,,,,,,,,,,,,
Assam,3,2019-20,Revised Estimates,2237,7698,6.4,88.7,11.3,,,,,,,,,,,,
Assam,3,2019-20,Actuals,1552,5343,6.5,90.9,9.1,,,,,,,,,,,,
Assam,3,2020-21,Budget Estimates,1870,6505,6.3,88.4,11.6,,,,,,,,,,,,
Assam,3,2020-21,Revised Estimates,2535,8820,7.2,85.9,14.1,,,,,,,,,,,,
Assam,3,2020-21,Actuals,1799,6258,7.9,91.7,8.3,,,,,,,,,,,,
Assam,3,2021-22,Budget Estimates,2107,7408,6.9,89.0,11.0,,,,,,,,,,,,
Assam,3,2021-22,Revised Estimates,2806,9865,7.2,85.2,14.8,,,,,,,,,,,,
Assam,3,2022-23,Budget Estimates,2126,7527,6.3,91.9,8.1,,,,,,,,,,,,
Bihar,4,2016-17,Actuals,484,5551,4.4,84.6,15.4,,,,,,,,,,,,
Bihar,4,2017-18,Budget Estimates,601,7002,4.4,88.3,11.7,,,,,,,,,,,,
Bihar,4,2017-18,Revised Estimates,646,7534,4.4,92.7,7.3,,,,,,,,,,,,
Bihar,4,2017-18,Actuals,536,6243,4.6,91.3,8.7,,,,,,,,,,,,
Bihar,4,2018-19,Budget Estimates,659,7794,4.4,85.9,14.1,,,,,,,,,,,,
Bihar,4,2018-19,Revised Estimates,698,8254,4.3,86.1,13.9,,,,,,,,,,,,
Bihar,4,2018-19,Actuals,631,7469,4.8,84.8,15.2,,,,,,,,,,,,
Bihar,4,2019-20,Budget Estimates,801,9623,4.8,79.9,20.1,,,,,,,,,,,,
Bihar,4,2019-20,Revised Estimates,897,10772,4.9,80.4,19.6,,,,,,,,,,,,
Bihar,4,2019-20,Actuals,650,7811,5.4,89.1,10.9,,,,,,,,,,,,
Bihar,4,2020-21,Budget Estimates,897,10938,5.2,83.5,16.5,,,,,,,,,,,,
Bihar,4,2020-21,Revised Estimates,934,11391,5.1,84.1,15.9,,,,,,,,,,,,
Bihar,4,2020-21,Actuals,751,9156,5.5,92.9,7.1,,,,,,,,,,,,
Bihar,4,2021-22,Budget Estimates,1072,13265,6.1,81.6,18.4,,,,,,,,,,,,
Bihar,4,2021-22,Revised Estimates,1435,17753,6.9,82.2,17.8,,,,,,,,,,,,
Bihar,4,2022-23,Budget Estimates,1292,16134,6.8,89.1,10.9,,,,,,,,,,,,
Chhattisgarh,5,2016-17,Actuals,1241,3437,5.9,86.7,13.3,,,,,,,,,,,,
Chhattisgarh,5,2017-18,Budget Estimates,1631,4581,6.0,86.0,14.0,,,,,,,,,,,,
Chhattisgarh,5,2017-18,Revised Estimates,1692,4751,6.0,85.7,14.3,,,,,,,,,,,,
Chhattisgarh,5,2017-18,Actuals,1458,4094,6.1,88.4,11.6,,,,,,,,,,,,
Chhattisgarh,5,2018-19,Budget Estimates,1750,4983,6.0,86.3,13.7,,,,,,,,,,,,
Chhattisgarh,5,2018-19,Revised Estimates,1844,5248,5.6,88.1,11.9,,,,,,,,,,,,
Chhattisgarh,5,2018-19,Actuals,1332,3792,5.2,93.7,6.3,,,,,,,,,,,,
Chhattisgarh,5,2019-20,Budget Estimates,1746,5039,5.5,86.9,13.1,,,,,,,,,,,,
Chhattisgarh,5,2019-20,Revised Estimates,1910,5512,5.7,86.5,13.5,,,,,,,,,,,,
Chhattisgarh,5,2019-20,Actuals,1635,4717,5.7,91.8,8.2,,,,,,,,,,,,
Chhattisgarh,5,2020-21,Budget Estimates,1987,5808,6.1,88.9,11.1,,,,,,,,,,,,
Chhattisgarh,5,2020-21,Revised Estimates,2251,6583,7.2,89.1,10.9,,,,,,,,,,,,
Chhattisgarh,5,2020-21,Actuals,1961,5732,7.2,90.6,9.4,,,,,,,,,,,,
Chhattisgarh,5,2021-22,Budget Estimates,2026,5998,6.2,87.9,12.1,,,,,,,,,,,,
Chhattisgarh,5,2021-22,Revised Estimates,2601,7700,7.7,89.5,10.5,,,,,,,,,,,,
Chhattisgarh,5,2022-23,Budget Estimates,2202,6561,6.3,92.1,7.9,,,,,,,,,,,,
Delhi,33,2016-17,Actuals,2144,4031,10.8,90.6,9.4,,,,,,,,,,,,
Delhi,33,2017-18,Budget Estimates,26658,51136,106.5,98.7,1.3,,,,,,,,,,,,
Delhi,33,2017-18,Revised Estimates,2680,5141,11.6,92.3,7.7,,,,,,,,,,,,
Delhi,33,2017-18,Actuals,2468,4733,11.6,92.7,7.3,,,,,,,,,,,,
Delhi,33,2018-19,Budget Estimates,3440,6729,12.7,85.3,14.7,,,,,,,,,,,,
Delhi,33,2018-19,Revised Estimates,3051,5968,11.9,93.1,6.9,,,,,,,,,,,,
Delhi,33,2018-19,Actuals,2809,5495,11.9,94.4,5.6,,,,,,,,,,,,
Delhi,33,2019-20,Budget Estimates,3754,7485,12.5,86.3,13.7,,,,,,,,,,,,
Delhi,33,2019-20,Revised Estimates,3039,6060,11.1,92.4,7.6,,,,,,,,,,,,
Delhi,33,2019-20,Actuals,2881,5745,11.2,93.8,6.2,,,,,,,,,,,,
Delhi,33,2020-21,Budget Estimates,3792,7704,11.9,85.1,14.9,,,,,,,,,,,,
Delhi,33,2020-21,Revised Estimates,3663,7443,12.6,90.9,9.1,,,,,,,,,,,,
Delhi,33,2020-21,Actuals,3153,6407,12.2,91.6,8.4,,,,,,,,,,,,
Delhi,33,2021-22,Budget Estimates,4804,9945,14.4,87.0,13.0,,,,,,,,,,,,
Delhi,33,2021-22,Revised Estimates,5052,10460,15.6,83.4,16.6,,,,,,,,,,,,
Delhi,33,2022-23,Budget Estimates,4680,9781,12.9,77.0,23.0,,,,,,,,,,,,
Goa,6,2016-17,Actuals,4519,683,2.5,91.3,8.7,,,,,,,,,,,,
Goa,6,2017-18,Budget Estimates,6511,990,2.9,82.1,17.9,,,,,,,,,,,,
Goa,6,2017-18,Revised Estimates,6346,965,3.1,84.2,15.8,,,,,,,,,,,,
Goa,6,2017-18,Actuals,6215,945,2.9,91.5,8.5,,,,,,,,,,,,
Goa,6,2018-19,Budget Estimates,6822,1044,3.1,84.1,15.9,,,,,,,,,,,,
Goa,6,2018-19,Revised Estimates,6822,1044,3.1,84.1,15.9,,,,,,,,,,,,
Goa,6,2018-19,Actuals,6561,1004,2.9,88.8,11.2,,,,,,,,,,,,
Goa,6,2019-20,Budget Estimates,9077,1398,3.5,81.3,18.7,,,,,,,,,,,,
Goa,6,2019-20,Revised Estimates,9040,1392,4.0,81.5,18.5,,,,,,,,,,,,
Goa,6,2019-20,Actuals,7307,1125,3.2,86.5,13.5,,,,,,,,,,,,
Goa,6,2020-21,Budget Estimates,9787,1516,4.1,83.0,17.0,,,,,,,,,,,,
Goa,6,2020-21,Revised Estimates,9462,1466,3.7,85.9,14.1,,,,,,,,,,,,
Goa,6,2020-21,Actuals,8071,1250,2.9,90.5,9.5,,,,,,,,,,,,
Goa,6,2021-22,Budget Estimates,11569,1804,3.9,78.5,21.5,,,,,,,,,,,,
Goa,6,2021-22,Revised Estimates,13973,2178,4.5,74.9,25.1,,,,,,,,,,,,
Goa,6,2022-23,Budget Estimates,13315,2086,4.1,83.0,17.0,,,,,,,,,,,,
Gujarat,7,2016-17,Actuals,1183,7744,5.7,80.8,19.2,,,,,,,,,,,,
Gujarat,7,2017-18,Budget Estimates,1322,8777,5.1,80.8,19.2,,,,,,,,,,,,
Gujarat,7,2017-18,Revised Estimates,1314,8725,5.2,81.1,18.9,,,,,,,,,,,,
Gujarat,7,2017-18,Actuals,1291,8571,5.4,81.2,18.8,,,,,,,,,,,,
Gujarat,7,2018-19,Budget Estimates,1445,9725,5.3,78.9,21.1,,,,,,,,,,,,
Gujarat,7,2018-19,Revised Estimates,1557,10484,5.6,79.4,20.6,,,,,,,,,,,,
Gujarat,7,2018-19,Actuals,1499,10094,5.7,78.6,21.4,,,,,,,,,,,,
Gujarat,7,2019-20,Budget Estimates,1539,10506,5.2,88.0,12.0,,,,,,,,,,,,
Gujarat,7,2019-20,Revised Estimates,1582,10796,5.6,89.8,10.2,,,,,,,,,,,,
Gujarat,7,2019-20,Actuals,1512,10318,5.6,89.4,10.6,,,,,,,,,,,,
Gujarat,7,2020-21,Budget Estimates,1625,11243,5.3,91.8,8.2,,,,,,,,,,,,
Gujarat,7,2020-21,Revised Estimates,1625,11243,5.9,93.4,6.6,,,,,,,,,,,,
Gujarat,7,2020-21,Actuals,1590,10998,5.6,93.4,6.6,,,,,,,,,,,,
Gujarat,7,2021-22,Budget Estimates,1615,11320,5.1,92.3,7.7,,,,,,,,,,,,
Gujarat,7,2021-22,Revised Estimates,2074,14535,6.7,90.0,10.0,,,,,,,,,,,,
Gujarat,7,2022-23,Budget Estimates,1733,12237,5.1,85.6,14.4,,,,,,,,,,,,
Haryana,8,2016-17,Actuals,1103,3044,3.8,92.0,8.0,,,,,,,,,,,,
Haryana,8,2017-18,Budget Estimates,1454,4071,4.4,83.5,16.5,,,,,,,,,,,,
Haryana,8,2017-18,Revised Estimates,1363,3815,4.1,87.8,12.2,,,,,,,,,,,,
Haryana,8,2017-18,Actuals,1206,3376,3.8,91.0,9.0,,,,,,,,,,,,
Haryana,8,2018-19,Budget Estimates,1679,4769,4.6,84.9,15.1,,,,,,,,,,,,
Haryana,8,2018-19,Revised Estimates,1576,4475,4.4,83.5,16.5,,,,,,,,,,,,
Haryana,8,2018-19,Actuals,1412,4011,4.3,91.7,8.3,,,,,,,,,,,,
Haryana,8,2019-20,Budget Estimates,1741,5016,4.5,87.6,12.4,,,,,,,,,,,,
Haryana,8,2019-20,Revised Estimates,1838,5296,4.9,88.9,11.1,,,,,,,,,,,,
Haryana,8,2019-20,Actuals,1730,4983,4.8,89.8,10.2,,,,,,,,,,,,
Haryana,8,2020-21,Budget Estimates,2229,6512,5.4,85.5,14.5,,,,,,,,,,,,
Haryana,8,2020-21,Revised Estimates,2136,6240,6.0,86.4,13.6,,,,,,,,,,,,
Haryana,8,2020-21,Actuals,2002,5847,6.0,86.9,13.1,,,,,,,,,,,,
Haryana,8,2021-22,Budget Estimates,2472,7317,5.7,84.4,15.6,,,,,,,,,,,,
Haryana,8,2021-22,Revised Estimates,2460,7284,5.8,87.8,12.2,,,,,,,,,,,,
Haryana,8,2022-23,Budget Estimates,2884,8595,6.0,82.9,17.1,,,,,,,,,,,,
Himachal Pradesh,9,2016-17,Actuals,2501,1794,5.2,84.1,15.9,,,,,,,,,,,,
Himachal Pradesh,9,2017-18,Budget Estimates,2723,1966,5.5,95.0,5.0,,,,,,,,,,,,
Himachal Pradesh,9,2017-18,Revised Estimates,2786,2012,5.6,86.9,13.1,,,,,,,,,,,,
Himachal Pradesh,9,2017-18,Actuals,2794,2017,5.9,87.0,13.0,,,,,,,,,,,,
Himachal Pradesh,9,2018-19,Budget Estimates,3528,2564,6.2,89.0,11.0,,,,,,,,,,,,
Himachal Pradesh,9,2018-19,Revised Estimates,3097,2251,5.4,84.6,15.4,,,,,,,,,,,,
Himachal Pradesh,9,2018-19,Actuals,3093,2248,6.0,84.6,15.4,,,,,,,,,,,,
Himachal Pradesh,9,2019-20,Budget Estimates,3781,2766,6.2,91.6,8.4,,,,,,,,,,,,
Himachal Pradesh,9,2019-20,Revised Estimates,3178,2325,5.2,90.0,10.0,,,,,,,,,,,,
Himachal Pradesh,9,2019-20,Actuals,3171,2320,5.9,90.0,10.0,,,,,,,,,,,,
Himachal Pradesh,9,2020-21,Budget Estimates,4077,3002,6.1,92.3,7.7,,,,,,,,,,,,
Himachal Pradesh,9,2020-21,Revised Estimates,4171,3071,6.3,86.5,13.5,,,,,,,,,,,,
Himachal Pradesh,9,2020-21,Actuals,3427,2523,5.9,88.0,12.0,,,,,,,,,,,,
Himachal Pradesh,9,2021-22,Budget Estimates,4053,3002,6.2,94.6,5.4,,,,,,,,,,,,
Himachal Pradesh,9,2021-22,Revised Estimates,4523,3350,7.2,90.3,9.7,,,,,,,,,,,,
Himachal Pradesh,9,2022-23,Budget Estimates,4115,3058,6.2,94.9,5.1,,,,,,,,,,,,
Jharkhand,10,2016-17,Actuals,690,2483,4.2,79.4,20.6,,,,,,,,,,,,
Jharkhand,10,2017-18,Budget Estimates,855,3121,4.1,85.5,14.5,,,,,,,,,,,,
Jharkhand,10,2017-18,Revised Estimates,979,3573,4.7,87.2,12.8,,,,,,,,,,,,
Jharkhand,10,2017-18,Actuals,779,2844,4.2,89.7,10.3,,,,,,,,,,,,
Jharkhand,10,2018-19,Budget Estimates,1034,3830,4.8,91.4,8.6,,,,,,,,,,,,
Jharkhand,10,2018-19,Revised Estimates,1083,4013,5.0,88.3,11.7,,,,,,,,,,,,
Jharkhand,10,2018-19,Actuals,911,3375,5.2,91.9,8.1,,,,,,,,,,,,
Jharkhand,10,2019-20,Budget Estimates,1105,4151,4.9,85.5,14.5,,,,,,,,,,,,
Jharkhand,10,2019-20,Revised Estimates,973,3656,4.3,87.1,12.9,,,,,,,,,,,,
Jharkhand,10,2019-20,Actuals,836,3143,4.4,88.9,11.1,,,,,,,,,,,,
Jharkhand,10,2020-21,Budget Estimates,1205,4592,5.3,93.0,7.0,,,,,,,,,,,,
Jharkhand,10,2020-21,Revised Estimates,1140,4343,5.4,93.7,6.3,,,,,,,,,,,,
Jharkhand,10,2020-21,Actuals,1069,4075,5.5,85.6,14.4,,,,,,,,,,,,
Jharkhand,10,2021-22,Budget Estimates,1152,4451,4.9,91.1,8.9,,,,,,,,,,,,
Jharkhand,10,2021-22,Revised Estimates,1357,5242,5.9,92.4,7.6,,,,,,,,,,,,
Jharkhand,10,2022-23,Budget Estimates,1449,5636,5.6,91.9,8.1,,,,,,,,,,,,
Karnataka,11,2016-17,Actuals,1069,6883,4.2,89.2,10.8,,,,,,,,,,,,
Karnataka,11,2017-18,Budget Estimates,1090,7077,4.0,89.6,10.4,,,,,,,,,,,,
Karnataka,11,2017-18,Revised Estimates,1188,7716,4.3,85.3,14.7,,,,,,,,,,,,
Karnataka,11,2017-18,Actuals,1250,8117,4.6,86.0,14.0,,,,,,,,,,,,
Karnataka,11,2018-19,Budget Estimates,1473,9644,4.7,86.8,13.2,,,,,,,,,,,,
Karnataka,11,2018-19,Revised Estimates,1506,9856,4.8,87.2,12.8,,,,,,,,,,,,
Karnataka,11,2018-19,Actuals,1448,9477,4.7,88.3,11.7,,,,,,,,,,,,
Karnataka,11,2019-20,Budget Estimates,1469,9693,4.3,89.0,11.0,,,,,,,,,,,,
Karnataka,11,2019-20,Revised Estimates,1390,9170,4.2,90.0,10.0,,,,,,,,,,,,
Karnataka,11,2019-20,Actuals,1389,9160,4.3,91.0,9.0,,,,,,,,,,,,
Karnataka,11,2020-21,Budget Estimates,1548,10296,4.5,90.5,9.5,,,,,,,,,,,,
Karnataka,11,2020-21,Revised Estimates,1797,11947,5.5,82.4,17.6,,,,,,,,,,,,
Karnataka,11,2020-21,Actuals,1785,11868,5.3,82.3,17.7,,,,,,,,,,,,
Karnataka,11,2021-22,Budget Estimates,1827,12235,5.3,91.2,8.8,,,,,,,,,,,,
Karnataka,11,2021-22,Revised Estimates,2184,14632,6.1,87.4,12.6,,,,,,,,,,,,
Karnataka,11,2022-23,Budget Estimates,2138,14368,5.7,89.6,10.4,,,,,,,,,,,,
Kerala,12,2016-17,Actuals,1733,6002,5.9,95.7,4.3,,,,,,,,,,,,
Kerala,12,2017-18,Budget Estimates,1963,6835,5.7,95.3,4.7,,,,,,,,,,,,
Kerala,12,2017-18,Revised Estimates,1957,6814,6.1,92.2,7.8,,,,,,,,,,,,
Kerala,12,2017-18,Actuals,1984,6909,6.3,93.9,6.1,,,,,,,,,,,,
Kerala,12,2018-19,Budget Estimates,2073,7255,5.7,93.8,6.2,,,,,,,,,,,,
Kerala,12,2018-19,Revised Estimates,2059,7207,5.8,93.5,6.5,,,,,,,,,,,,
Kerala,12,2018-19,Actuals,2076,7267,6.1,94.3,5.7,,,,,,,,,,,,
Kerala,12,2019-20,Budget Estimates,2057,7237,5.1,95.5,4.5,,,,,,,,,,,,
Kerala,12,2019-20,Revised Estimates,2045,7196,5.7,97.3,2.7,,,,,,,,,,,,
Kerala,12,2019-20,Actuals,2149,7561,6.6,96.8,3.2,,,,,,,,,,,,
Kerala,12,2020-21,Budget Estimates,2224,7866,5.5,96.9,3.1,,,,,,,,,,,,
Kerala,12,2020-21,Revised Estimates,2263,8005,6.2,97.1,2.9,,,,,,,,,,,,
Kerala,12,2020-21,Actuals,2521,8917,6.4,95.3,4.7,,,,,,,,,,,,
Kerala,12,2021-22,Budget Estimates,2916,10364,6.4,97.7,2.3,,,,,,,,,,,,
Kerala,12,2021-22,Revised Estimates,3409,12114,7.4,97.1,2.9,,,,,,,,,,,,
Kerala,12,2022-23,Budget Estimates,2802,9977,5.7,97.4,2.6,,,,,,,,,,,,
Madhya Pradesh,13,2016-17,Actuals,749,5932,3.9,90.5,9.5,,,,,,,,,,,,
Madhya Pradesh,13,2017-18,Budget Estimates,994,7983,4.7,85.0,15.0,,,,,,,,,,,,
Madhya Pradesh,13,2017-18,Revised Estimates,926,7437,4.5,78.8,21.2,,,,,,,,,,,,
Madhya Pradesh,13,2017-18,Actuals,927,7449,4.6,86.0,14.0,,,,,,,,,,,,
Madhya Pradesh,13,2018-19,Budget Estimates,1036,8441,4.5,83.1,16.9,,,,,,,,,,,,
Madhya Pradesh,13,2018-19,Revised Estimates,989,8060,4.5,83.7,16.3,,,,,,,,,,,,
Madhya Pradesh,13,2018-19,Actuals,950,7738,4.5,84.3,15.7,,,,,,,,,,,,
Madhya Pradesh,13,2019-20,Budget Estimates,1293,10684,5.0,87.5,12.5,,,,,,,,,,,,
Madhya Pradesh,13,2019-20,Revised Estimates,1164,9618,5.3,88.4,11.6,,,,,,,,,,,,
Madhya Pradesh,13,2019-20,Actuals,1160,9580,5.3,88.6,11.4,,,,,,,,,,,,
Madhya Pradesh,13,2020-21,Budget Estimates,1217,10194,5.5,90.4,9.6,,,,,,,,,,,,
Madhya Pradesh,13,2020-21,Revised Estimates,1138,9527,5.0,92.1,7.9,,,,,,,,,,,,
Madhya Pradesh,13,2020-21,Actuals,1157,9687,4.9,92.4,7.6,,,,,,,,,,,,
Madhya Pradesh,13,2021-22,Budget Estimates,1369,11619,5.4,84.4,15.6,,,,,,,,,,,,
Madhya Pradesh,13,2021-22,Revised Estimates,1416,12013,5.5,92.3,7.7,,,,,,,,,,,,
Madhya Pradesh,13,2022-23,Budget Estimates,1625,13903,5.6,85.6,14.4,,,,,,,,,,,,
Maharashtra,14,2016-17,Actuals,837,9967,3.9,98.9,1.1,,,,,,,,,,,,
Maharashtra,14,2017-18,Budget Estimates,917,11023,3.7,98.6,1.4,,,,,,,,,,,,
Maharashtra,14,2017-18,Revised Estimates,1123,13507,4.2,98.4,1.6,,,,,,,,,,,,
Maharashtra,14,2017-18,Actuals,956,11495,4.0,98.3,1.7,,,,,,,,,,,,
Maharashtra,14,2018-19,Budget Estimates,1030,12505,3.4,94.8,5.2,,,,,,,,,,,,
Maharashtra,14,2018-19,Revised Estimates,1237,15019,4.0,93.7,6.3,,,,,,,,,,,,
Maharashtra,14,2018-19,Actuals,994,12066,3.6,96.1,3.9,,,,,,,,,,,,
Maharashtra,14,2019-20,Budget Estimates,1201,14712,3.6,97.0,3.0,,,,,,,,,,,,
Maharashtra,14,2019-20,Revised Estimates,1253,15351,3.7,93.8,6.2,,,,,,,,,,,,
Maharashtra,14,2019-20,Actuals,1112,13630,3.6,95.0,5.0,,,,,,,,,,,,
Maharashtra,14,2020-21,Budget Estimates,1259,15570,3.6,96.7,3.3,,,,,,,,,,,,
Maharashtra,14,2020-21,Revised Estimates,1444,17853,4.1,97.5,2.5,,,,,,,,,,,,
Maharashtra,14,2020-21,Actuals,1262,15604,3.9,98.4,1.6,,,,,,,,,,,,
Maharashtra,14,2021-22,Budget Estimates,1341,16727,3.5,95.4,4.6,,,,,,,,,,,,
Maharashtra,14,2021-22,Revised Estimates,1822,22727,4.6,96.1,3.9,,,,,,,,,,,,
Maharashtra,14,2022-23,Budget Estimates,1668,20917,3.8,94.5,5.5,,,,,,,,,,,,
Manipur,15,2016-17,Actuals,,,,,,,,,,,,,,,,,
Manipur,15,2017-18,Budget Estimates,,,,,,,,,,,,,,,,,
Manipur,15,2017-18,Revised Estimates,,,,,,,,,,,,,,,,,
Manipur,15,2017-18,Actuals,,,,,,,,,,,,,,,,,
Manipur,15,2018-19,Budget Estimates,,,,,,,,,,,,,,,,,
Manipur,15,2018-19,Revised Estimates,,,,,,,,,,,,,,,,,
Manipur,15,2018-19,Actuals,1607,494,3.4,97.2,2.8,,,,,,,,,,,,
Manipur,15,2019-20,Budget Estimates,2402,745,4.6,98.0,2.0,,,,,,,,,,,,
Manipur,15,2019-20,Revised Estimates,2720,844,4.2,89.7,10.3,,,,,,,,,,,,
Manipur,15,2019-20,Actuals,2152,668,3.9,93.8,6.2,,,,,,,,,,,,
Manipur,15,2020-21,Budget Estimates,2701,847,4.1,98.2,1.8,,,,,,,,,,,,
Manipur,15,2020-21,Revised Estimates,3509,1100,4.4,85.1,14.9,,,,,,,,,,,,
Manipur,15,2020-21,Actuals,2574,807,3.6,87.0,13.0,,,,,,,,,,,,
Manipur,15,2021-22,Budget Estimates,3461,1096,3.8,87.8,12.2,,,,,,,,,,,,
Manipur,15,2021-22,Revised Estimates,4685,1483,4.6,87.5,12.5,,,,,,,,,,,,
Manipur,15,2022-23,Budget Estimates,4437,1417,4.1,90.2,9.8,,,,,,,,,,,,
Meghalaya,16,2016-17,Actuals,2196,687,6.8,88.0,12.0,,,,,,,,,,,,
Meghalaya,16,2017-18,Budget Estimates,2276,720,5.5,94.3,5.7,,,,,,,,,,,,
Meghalaya,16,2017-18,Revised Estimates,2276,720,5.5,94.3,5.7,,,,,,,,,,,,
Meghalaya,16,2017-18,Actuals,2222,702,7.1,95.1,4.9,,,,,,,,,,,,
Meghalaya,16,2018-19,Budget Estimates,3045,972,6.8,95.7,4.3,,,,,,,,,,,,
Meghalaya,16,2018-19,Revised Estimates,3045,972,6.8,95.7,4.3,,,,,,,,,,,,
Meghalaya,16,2018-19,Actuals,3337,1065,8.8,96.0,4.0,,,,,,,,,,,,
Meghalaya,16,2019-20,Budget Estimates,3543,1142,7.0,95.1,4.9,,,,,,,,,,,,
Meghalaya,16,2019-20,Revised Estimates,3543,1142,7.0,95.1,4.9,,,,,,,,,,,,
Meghalaya,16,2019-20,Actuals,2686,866,7.9,94.3,5.7,,,,,,,,,,,,
Meghalaya,16,2020-21,Budget Estimates,3760,1224,7.0,90.4,9.6,,,,,,,,,,,,
Meghalaya,16,2020-21,Revised Estimates,3760,1224,7.0,90.4,9.6,,,,,,,,,,,,
Meghalaya,16,2020-21,Actuals,3691,1202,8.7,96.2,3.8,,,,,,,,,,,,
Meghalaya,16,2021-22,Budget Estimates,3856,1268,7.2,93.4,6.6,,,,,,,,,,,,
Meghalaya,16,2021-22,Revised Estimates,3856,1268,7.2,93.4,6.6,,,,,,,,,,,,
Meghalaya,16,2022-23,Budget Estimates,4876,1618,8.6,96.3,3.7,,,,,,,,,,,,
Mizoram,17,2016-17,Actuals,3440,399,5.6,92.9,7.1,,,,,,,,,,,,
Mizoram,17,2017-18,Budget Estimates,3944,462,5.4,92.0,8.0,,,,,,,,,,,,
Mizoram,17,2017-18,Revised Estimates,6019,705,7.1,84.2,15.8,,,,,,,,,,,,
Mizoram,17,2017-18,Actuals,4726,554,6.2,84.7,15.3,,,,,,,,,,,,
Mizoram,17,2018-19,Budget Estimates,3843,455,4.8,92.7,7.3,,,,,,,,,,,,
Mizoram,17,2018-19,Revised Estimates,5611,664,6.3,78.9,21.1,,,,,,,,,,,,
Mizoram,17,2018-19,Actuals,4936,584,6.2,84.0,16.0,,,,,,,,,,,,
Mizoram,17,2019-20,Budget Estimates,4740,566,5.3,99.1,0.9,,,,,,,,,,,,
Mizoram,17,2019-20,Revised Estimates,5863,701,5.7,89.8,10.2,,,,,,,,,,,,
Mizoram,17,2019-20,Actuals,4931,589,5.4,93.7,6.3,,,,,,,,,,,,
Mizoram,17,2020-21,Budget Estimates,5189,626,6.0,100.0,0.0,,,,,,,,,,,,
Mizoram,17,2020-21,Revised Estimates,6467,781,6.6,92.6,7.4,,,,,,,,,,,,
Mizoram,17,2020-21,Actuals,4760,575,6.0,95.7,4.3,,,,,,,,,,,,
Mizoram,17,2021-22,Budget Estimates,5117,624,5.8,95.5,4.5,,,,,,,,,,,,
Mizoram,17,2021-22,Revised Estimates,7063,861,7.0,86.4,13.6,,,,,,,,,,,,
Mizoram,17,2022-23,Budget Estimates,5873,721,5.6,84.0,16.0,,,,,,,,,,,,
Nagaland,18,2016-17,Actuals,2372,496,3.4,97.3,2.7,,,,,,,,,,,,
Nagaland,18,2017-18,Budget Estimates,2920,617,3.8,90.4,9.6,,,,,,,,,,,,
Nagaland,18,2017-18,Revised Estimates,3236,684,4.0,86.0,14.0,,,,,,,,,,,,
Nagaland,18,2017-18,Actuals,2906,614,3.9,87.6,12.4,,,,,,,,,,,,
Nagaland,18,2018-19,Budget Estimates,3438,734,4.0,88.4,11.6,,,,,,,,,,,,
Nagaland,18,2018-19,Revised Estimates,3737,797,4.9,87.1,12.9,,,,,,,,,,,,
Nagaland,18,2018-19,Actuals,2959,631,4.2,97.7,2.3,,,,,,,,,,,,
Nagaland,18,2019-20,Budget Estimates,3785,816,4.5,88.9,11.1,,,,,,,,,,,,
Nagaland,18,2019-20,Revised Estimates,3691,795,3.7,91.6,8.4,,,,,,,,,,,,
Nagaland,18,2019-20,Actuals,3106,669,3.4,98.7,1.3,,,,,,,,,,,,
Nagaland,18,2020-21,Budget Estimates,3972,865,4.1,85.8,14.2,,,,,,,,,,,,
Nagaland,18,2020-21,Revised Estimates,3795,826,3.4,87.2,12.8,,,,,,,,,,,,
Nagaland,18,2020-21,Actuals,3322,723,3.2,94.6,5.4,,,,,,,,,,,,
Nagaland,18,2021-22,Budget Estimates,4744,1043,4.6,76.3,23.7,,,,,,,,,,,,
Nagaland,18,2021-22,Revised Estimates,5380,1183,5.1,65.6,34.4,,,,,,,,,,,,
Nagaland,18,2022-23,Budget Estimates,5104,1130,4.7,79.2,20.8,,,,,,,,,,,,
Odisha,19,2016-17,Actuals,1101,4854,5.6,83.9,16.1,,,,,,,,,,,,
Odisha,19,2017-18,Budget Estimates,1296,5759,5.4,79.9,20.1,,,,,,,,,,,,
Odisha,19,2017-18,Revised Estimates,1203,5345,5.0,83.4,16.6,,,,,,,,,,,,
Odisha,19,2017-18,Actuals,1125,4998,5.1,83.3,16.7,,,,,,,,,,,,
Odisha,19,2018-19,Budget Estimates,1393,6236,5.2,84.1,15.9,,,,,,,,,,,,
Odisha,19,2018-19,Revised Estimates,1388,6215,5.2,89.6,10.4,,,,,,,,,,,,
Odisha,19,2018-19,Actuals,1289,5771,5.1,88.3,11.7,,,,,,,,,,,,
Odisha,19,2019-20,Budget Estimates,1529,6897,5.0,85.9,14.1,,,,,,,,,,,,
Odisha,19,2019-20,Revised Estimates,1501,6773,5.0,89.9,10.1,,,,,,,,,,,,
Odisha,19,2019-20,Actuals,1382,6236,5.0,91.3,8.7,,,,,,,,,,,,
Odisha,19,2020-21,Budget Estimates,1720,7819,5.2,87.6,12.4,,,,,,,,,,,,
Odisha,19,2020-21,Revised Estimates,1951,8872,6.6,88.4,11.6,,,,,,,,,,,,
Odisha,19,2020-21,Actuals,1744,7931,6.4,91.5,8.5,,,,,,,,,,,,
Odisha,19,2021-22,Budget Estimates,2065,9457,5.6,81.8,18.2,,,,,,,,,,,,
Odisha,19,2021-22,Revised Estimates,2511,11501,7.0,83.5,16.5,,,,,,,,,,,,
Odisha,19,2022-23,Budget Estimates,2750,12621,6.3,80.2,19.8,,,,,,,,,,,,
Punjab,20,2016-17,Actuals,1006,2941,2.2,99.2,0.8,,,,,,,,,,,,
Punjab,20,2017-18,Budget Estimates,1211,3568,3.0,96.4,3.6,,,,,,,,,,,,
Punjab,20,2017-18,Revised Estimates,1184,3488,3.1,99.4,0.6,,,,,,,,,,,,
Punjab,20,2017-18,Actuals,961,2830,2.8,100.0,0.0,,,,,,,,,,,,
Punjab,20,2018-19,Budget Estimates,1173,3484,2.7,89.7,10.3,,,,,,,,,,,,
Punjab,20,2018-19,Revised Estimates,1055,3132,2.5,93.3,6.7,,,,,,,,,,,,
Punjab,20,2018-19,Actuals,974,2893,2.5,96.5,3.5,,,,,,,,,,,,
Punjab,20,2019-20,Budget Estimates,1272,3808,2.4,90.6,9.4,,,,,,,,,,,,
Punjab,20,2019-20,Revised Estimates,1158,3466,2.3,94.3,5.7,,,,,,,,,,,,
Punjab,20,2019-20,Actuals,1077,3225,2.4,96.0,4.0,,,,,,,,,,,,
Punjab,20,2020-21,Budget Estimates,1416,4263,2.8,87.6,12.4,,,,,,,,,,,,
Punjab,20,2020-21,Revised Estimates,1264,3804,2.7,96.2,3.8,,,,,,,,,,,,
Punjab,20,2020-21,Actuals,1201,3613,2.9,97.4,2.6,,,,,,,,,,,,
Punjab,20,2021-22,Budget Estimates,1423,4318,2.6,85.8,14.2,,,,,,,,,,,,
Punjab,20,2021-22,Revised Estimates,1490,4520,3.3,96.5,3.5,,,,,,,,,,,,
Punjab,20,2022-23,Budget Estimates,1693,5171,3.3,89.5,10.5,,,,,,,,,,,,
Rajasthan,21,2016-17,Actuals,1107,8253,5.9,93.8,6.2,,,,,,,,,,,,
Rajasthan,21,2017-18,Budget Estimates,1290,9751,5.8,86.4,13.6,,,,,,,,,,,,
Rajasthan,21,2017-18,Revised Estimates,1429,10801,6.2,91.6,8.4,,,,,,,,,,,,
Rajasthan,21,2017-18,Actuals,1323,10000,6.1,93.4,6.6,,,,,,,,,,,,
Rajasthan,21,2018-19,Budget Estimates,1673,12813,6.5,92.4,7.6,,,,,,,,,,,,
Rajasthan,21,2018-19,Revised Estimates,1588,12163,6.2,95.2,4.8,,,,,,,,,,,,
Rajasthan,21,2018-19,Actuals,1549,11862,6.3,95.8,4.2,,,,,,,,,,,,
Rajasthan,21,2019-20,Budget Estimates,1680,13039,6.0,93.9,6.1,,,,,,,,,,,,
Rajasthan,21,2019-20,Revised Estimates,1745,13541,6.4,95.2,4.8,,,,,,,,,,,,
Rajasthan,21,2019-20,Actuals,1565,12145,6.1,96.0,4.0,,,,,,,,,,,,
Rajasthan,21,2020-21,Budget Estimates,1870,14700,6.5,90.5,9.5,,,,,,,,,,,,
Rajasthan,21,2020-21,Revised Estimates,1704,13394,5.4,94.4,5.6,,,,,,,,,,,,
Rajasthan,21,2020-21,Actuals,1605,12620,5.4,95.0,5.0,,,,,,,,,,,,
Rajasthan,21,2021-22,Budget Estimates,2045,16269,6.5,88.9,11.1,,,,,,,,,,,,
Rajasthan,21,2021-22,Revised Estimates,2146,17078,5.4,87.7,12.3,,,,,,,,,,,,
Rajasthan,21,2022-23,Budget Estimates,2509,20111,5.8,84.4,15.6,,,,,,,,,,,,
Sikkim,22,2016-17,Actuals,4390,284,5.9,25.7,74.3,,,,,,,,,,,,
Sikkim,22,2017-18,Budget Estimates,5583,364,5.9,35.4,64.6,,,,,,,,,,,,
Sikkim,22,2017-18,Revised Estimates,7515,490,6.8,47.7,52.3,,,,,,,,,,,,
Sikkim,22,2017-18,Actuals,7111,464,7.7,51.7,48.3,,,,,,,,,,,,
Sikkim,22,2018-19,Budget Estimates,4731,312,4.4,85.2,14.8,,,,,,,,,,,,
Sikkim,22,2018-19,Revised Estimates,7061,465,5.8,76.2,23.8,,,,,,,,,,,,
Sikkim,22,2018-19,Actuals,6423,423,6.1,75.3,24.7,,,,,,,,,,,,
Sikkim,22,2019-20,Budget Estimates,6326,421,4.9,91.8,8.2,,,,,,,,,,,,
Sikkim,22,2019-20,Revised Estimates,7213,480,5.5,88.3,11.7,,,,,,,,,,,,
Sikkim,22,2019-20,Actuals,6505,433,5.9,89.8,10.2,,,,,,,,,,,,
Sikkim,22,2020-21,Budget Estimates,8247,554,6.1,91.3,8.7,,,,,,,,,,,,
Sikkim,22,2020-21,Revised Estimates,10804,726,8.0,70.7,29.3,,,,,,,,,,,,
Sikkim,22,2020-21,Actuals,9511,639,8.0,71.9,28.1,,,,,,,,,,,,
Sikkim,22,2021-22,Budget Estimates,9016,611,6.4,90.7,9.3,,,,,,,,,,,,
Sikkim,22,2021-22,Revised Estimates,9512,645,6.4,91.5,8.5,,,,,,,,,,,,
Sikkim,22,2022-23,Budget Estimates,9285,634,6.3,95.6,4.4,,,,,,,,,,,,
Tamil Nadu,23,2016-17,Actuals,1173,8771,4.2,98.8,1.2,,,,,,,,,,,,
Tamil Nadu,23,2017-18,Budget Estimates,1401,10521,4.8,99.5,0.5,,,,,,,,,,,,
Tamil Nadu,23,2017-18,Revised Estimates,1488,11175,5.2,99.0,1.0,,,,,,,,,,,,
Tamil Nadu,23,2017-18,Actuals,1462,10982,5.4,98.8,1.2,,,,,,,,,,,,
Tamil Nadu,23,2018-19,Budget Estimates,1576,11896,4.9,97.4,2.6,,,,,,,,,,,,
Tamil Nadu,23,2018-19,Revised Estimates,1731,13059,5.3,97.9,2.1,,,,,,,,,,,,
Tamil Nadu,23,2018-19,Actuals,1734,13086,5.4,97.9,2.1,,,,,,,,,,,,
Tamil Nadu,23,2019-20,Budget Estimates,1728,13100,5.0,94.9,5.1,,,,,,,,,,,,
Tamil Nadu,23,2019-20,Revised Estimates,1796,13614,5.0,96.2,3.8,,,,,,,,,,,,
Tamil Nadu,23,2019-20,Actuals,1714,12996,5.0,96.8,3.2,,,,,,,,,,,,
Tamil Nadu,23,2020-21,Budget Estimates,2162,16464,5.5,88.4,11.6,,,,,,,,,,,,
Tamil Nadu,23,2020-21,Revised Estimates,2501,19047,6.2,86.5,13.5,,,,,,,,,,,,
Tamil Nadu,23,2020-21,Actuals,2369,18044,6.2,98.7,1.3,,,,,,,,,,,,
Tamil Nadu,23,2021-22,Budget Estimates,2554,19532,5.9,99.5,0.5,,,,,,,,,,,,
Tamil Nadu,23,2021-22,Revised Estimates,2746,21002,6.6,98.7,1.3,,,,,,,,,,,,
Tamil Nadu,23,2022-23,Budget Estimates,2420,18540,5.1,99.7,0.3,,,,,,,,,,,,
Telangana,24,2016-17,Actuals,1427,5211,3.9,83.1,16.9,,,,,,,,,,,,
Telangana,24,2017-18,Budget Estimates,1684,6192,4.1,87.4,12.6,,,,,,,,,,,,
Telangana,24,2017-18,Revised Estimates,1643,6042,4.2,87.9,12.1,,,,,,,,,,,,
Telangana,24,2017-18,Actuals,1346,4949,3.5,89.1,10.9,,,,,,,,,,,,
Telangana,24,2018-19,Budget Estimates,2052,7600,4.4,78.7,21.3,,,,,,,,,,,,
Telangana,24,2018-19,Revised Estimates,1885,6982,4.3,79.5,20.5,,,,,,,,,,,,
Telangana,24,2018-19,Actuals,1519,5625,3.6,80.7,19.3,,,,,,,,,,,,
Telangana,24,2019-20,Budget Estimates,1452,5412,3.7,84.4,15.6,,,,,,,,,,,,
Telangana,24,2019-20,Revised Estimates,1452,5412,3.8,84.5,15.5,,,,,,,,,,,,
Telangana,24,2019-20,Actuals,1726,6434,3.6,85.2,14.8,,,,,,,,,,,,
Telangana,24,2020-21,Budget Estimates,1578,5923,3.2,87.0,13.0,,,,,,,,,,,,
Telangana,24,2020-21,Revised Estimates,1578,5922,3.6,87.0,13.0,,,,,,,,,,,,
Telangana,24,2020-21,Actuals,1655,6212,3.9,90.0,10.0,,,,,,,,,,,,
Telangana,24,2021-22,Budget Estimates,1619,6114,2.7,87.3,12.7,,,,,,,,,,,,
Telangana,24,2021-22,Revised Estimates,1619,6114,2.9,87.3,12.7,,,,,,,,,,,,
Telangana,24,2022-23,Budget Estimates,2913,11040,4.3,67.0,33.0,,,,,,,,,,,,
Tripura,25,2016-17,Actuals,1847,717,5.7,77.3,22.7,,,,,,,,,,,,
Tripura,25,2017-18,Budget Estimates,1971,773,4.8,87.0,13.0,,,,,,,,,,,,
Tripura,25,2017-18,Revised Estimates,2508,984,6.9,73.1,26.9,,,,,,,,,,,,
Tripura,25,2017-18,Actuals,2074,814,6.5,81.0,19.0,,,,,,,,,,,,
Tripura,25,2018-19,Budget Estimates,2526,1001,6.1,84.6,15.4,,,,,,,,,,,,
Tripura,25,2018-19,Revised Estimates,2664,1056,6.4,82.1,17.9,,,,,,,,,,,,
Tripura,25,2018-19,Actuals,2415,957,6.9,84.6,15.4,,,,,,,,,,,,
Tripura,25,2019-20,Budget Estimates,2410,964,5.5,90.6,9.4,,,,,,,,,,,,
Tripura,25,2019-20,Revised Estimates,2441,977,5.4,92.6,7.4,,,,,,,,,,,,
Tripura,25,2019-20,Actuals,2283,914,6.0,94.4,5.6,,,,,,,,,,,,
Tripura,25,2020-21,Budget Estimates,2527,1021,5.1,91.9,8.1,,,,,,,,,,,,
Tripura,25,2020-21,Revised Estimates,2615,1057,5.5,94.8,5.2,,,,,,,,,,,,
Tripura,25,2020-21,Actuals,2254,911,5.7,97.2,2.8,,,,,,,,,,,,
Tripura,25,2021-22,Budget Estimates,3027,1235,5.4,93.3,6.7,,,,,,,,,,,,
Tripura,25,2021-22,Revised Estimates,3578,1460,6.2,88.9,11.1,,,,,,,,,,,,
Tripura,25,2022-23,Budget Estimates,3774,1551,5.8,76.8,23.2,,,,,,,,,,,,
Uttar Pradesh,26,2016-17,Actuals,725,15659,4.7,81.3,18.7,,,,,,,,,,,,
Uttar Pradesh,26,2017-18,Budget Estimates,853,18691,4.9,87.5,12.5,,,,,,,,,,,,
Uttar Pradesh,26,2017-18,Revised Estimates,837,18339,5.0,86.8,13.2,,,,,,,,,,,,
Uttar Pradesh,26,2017-18,Actuals,766,16771,5.2,87.4,12.6,,,,,,,,,,,,
Uttar Pradesh,26,2018-19,Budget Estimates,984,21847,5.1,87.4,12.6,,,,,,,,,,,,
Uttar Pradesh,26,2018-19,Revised Estimates,942,20918,4.7,86.6,13.4,,,,,,,,,,,,
Uttar Pradesh,26,2018-19,Actuals,811,17997,4.6,87.4,12.6,,,,,,,,,,,,
Uttar Pradesh,26,2019-20,Budget Estimates,1104,24834,5.2,86.6,13.4,,,,,,,,,,,,
Uttar Pradesh,26,2019-20,Revised Estimates,1039,23358,5.2,85.1,14.9,,,,,,,,,,,,
Uttar Pradesh,26,2019-20,Actuals,890,20026,5.2,88.0,12.0,,,,,,,,,,,,
Uttar Pradesh,26,2020-21,Budget Estimates,1194,27202,5.3,85.7,14.3,,,,,,,,,,,,
Uttar Pradesh,26,2020-21,Revised Estimates,930,21199,5.1,85.1,14.9,,,,,,,,,,,,
Uttar Pradesh,26,2020-21,Actuals,947,21586,5.7,90.2,9.8,,,,,,,,,,,,
Uttar Pradesh,26,2021-22,Budget Estimates,1432,33063,6.0,74.8,25.2,,,,,,,,,,,,
Uttar Pradesh,26,2021-22,Revised Estimates,1170,27014,5.6,74.5,25.5,,,,,,,,,,,,
Uttar Pradesh,26,2022-23,Budget Estimates,1776,41428,6.7,80.8,19.2,,,,,,,,,,,,
Uttarakhand,27,2016-17,Actuals,1395,1506,4.2,92.3,7.7,,,,,,,,,,,,
Uttarakhand,27,2017-18,Budget Estimates,1840,2010,5.0,93.5,6.5,,,,,,,,,,,,
Uttarakhand,27,2017-18,Revised Estimates,1550,1694,4.5,94.2,5.8,,,,,,,,,,,,
Uttarakhand,27,2017-18,Actuals,1482,1619,3.8,96.1,3.9,,,,,,,,,,,,
Uttarakhand,27,2018-19,Budget Estimates,2247,2484,5.4,92.6,7.4,,,,,,,,,,,,
Uttarakhand,27,2018-19,Revised Estimates,1993,2204,5.1,93.1,6.9,,,,,,,,,,,,
Uttarakhand,27,2018-19,Actuals,1896,2096,4.3,91.1,8.9,,,,,,,,,,,,
Uttarakhand,27,2019-20,Budget Estimates,2363,2643,5.4,93.3,6.7,,,,,,,,,,,,
Uttarakhand,27,2019-20,Revised Estimates,1861,2082,4.6,92.3,7.7,,,,,,,,,,,,
Uttarakhand,27,2019-20,Actuals,1878,2101,4.4,95.4,4.6,,,,,,,,,,,,
Uttarakhand,27,2020-21,Budget Estimates,2369,2680,5.0,92.3,7.7,,,,,,,,,,,,
Uttarakhand,27,2020-21,Revised Estimates,2102,2379,4.6,91.5,8.5,,,,,,,,,,,,
Uttarakhand,27,2020-21,Actuals,2200,2489,4.8,93.1,6.9,,,,,,,,,,,,
Uttarakhand,27,2021-22,Budget Estimates,3006,3439,6.0,87.0,13.0,,,,,,,,,,,,
Uttarakhand,27,2021-22,Revised Estimates,2625,3003,5.7,89.6,10.4,,,,,,,,,,,,
Uttarakhand,27,2022-23,Budget Estimates,3821,4416,6.7,91.2,8.8,,,,,,,,,,,,
West Bengal,28,2016-17,Actuals,869,8282,5.3,85.0,15.0,,,,,,,,,,,,
West Bengal,28,2017-18,Budget Estimates,813,7794,4.3,87.4,12.6,,,,,,,,,,,,
West Bengal,28,2017-18,Revised Estimates,922,8844,4.8,87.1,12.9,,,,,,,,,,,,
West Bengal,28,2017-18,Actuals,937,8986,5.0,89.6,10.4,,,,,,,,,,,,
West Bengal,28,2018-19,Budget Estimates,932,8995,4.6,87.3,12.7,,,,,,,,,,,,
West Bengal,28,2018-19,Revised Estimates,981,9465,4.6,87.5,12.5,,,,,,,,,,,,
West Bengal,28,2018-19,Actuals,1014,9783,4.8,87.3,12.7,,,,,,,,,,,,
West Bengal,28,2019-20,Budget Estimates,1008,9785,4.5,88.5,11.5,,,,,,,,,,,,
West Bengal,28,2019-20,Revised Estimates,1106,10743,4.8,88.7,11.3,,,,,,,,,,,,
West Bengal,28,2019-20,Actuals,1156,11223,5.5,91.7,8.3,,,,,,,,,,,,
West Bengal,28,2020-21,Budget Estimates,1162,11351,4.9,87.1,12.9,,,,,,,,,,,,
West Bengal,28,2020-21,Revised Estimates,1330,12999,6.0,92.8,7.2,,,,,,,,,,,,
West Bengal,28,2020-21,Actuals,1321,12905,6.1,92.9,7.1,,,,,,,,,,,,
West Bengal,28,2021-22,Budget Estimates,1692,16634,6.0,90.3,9.7,,,,,,,,,,,,
West Bengal,28,2021-22,Revised Estimates,1658,16297,6.2,92.9,7.1,,,,,,,,,,,,
West Bengal,28,2022-23,Budget Estimates,1811,17854,6.1,87.2,12.8,,,,,,,,,,,,
,,,,,,,,,,,,,,,,,,,,
,,,,,,,,,,,,,,,,,,,,
,,,,,,,,,,,,,,,,,,,,
,,,,,,,,,,,,,,,,,,,,
,,,,,,,,,,,,,,,,,,,,
,,,,,,,,,,,,,,,,,,,,
,,,,,,,,,,,,,,,,,,,,
,,,,,,,,,,,,,,,,,,,,
,,,,,,,,,,,,,,,,,,,,
,,,,,,,,,,,,,,,,,,,,
,,,,,,,,,,,,,,,,,,,,
,,,,,,,,,,,,,,,,,,,,
,,,,,,,,,,,,,,,,,,,,
,,,,,,,,,,,,,,,,,,,,
,,,,,,,,,,,,,,,,,,,,
,,,,,,,,,,,,,,,,,,,,
,,,,,,,,,,,,,,,,,,,,
,,,,,,,,,,,,,,,,,,,,
,,,,,,,,,,,,,,,,,,,,
,,,,,,,,,,,,,,,,,,,,
,,,,,,,,,,,,,,,,,,,,
,,,,,,,,,,,,,,,,,,,,
,,,,,,,,,,,,,,,,,,,,
,,,,,,,,,,,,,,,,,,,,
,,,,,,,,,,,,,,,,,,,,
,,,,,,,,,,,,,,,,,,,,
,,,,,,,,,,,,,,,,,,,,
,,,,,,,,,,,,,,,,,,,,
,,,,,,,,,,,,,,,,,,,,
,,,,,,,,,,,,,,,,,,,,
,,,,,,,,,,,,,,,,,,,,
,,,,,,,,,,,,,,,,,,,,
,,,,,,,,,,,,,,,,,,,,
,,,,,,,,,,,,,,,,,,,,
,,,,,,,,,,,,,,,,,,,,
,,,,,,,,,,,,,,,,,,,,
,,,,,,,,,,,,,,,,,,,,
,,,,,,,,,,,,,,,,,,,,
,,,,,,,,,,,,,,,,,,,,
,,,,,,,,,,,,,,,,,,,,
,,,,,,,,,,,,,,,,,,,,
,,,,,,,,,,,,,,,,,,,,
,,,,,,,,,,,,,,,,,,,,
,,,,,,,,,,,,,,,,,,,,
,,,,,,,,,,,,,,,,,,,,
,,,,,,,,,,,,,,,,,,,,
,,,,,,,,,,,,,,,,,,,,
,,,,,,,,,,,,,,,,,,,,
,,,,,,,,,,,,,,,,,,,,
,,,,,,,,,,,,,,,,,,,,
,,,,,,,,,,,,,,,,,,,,
,,,,,,,,,,,,,,,,,,,,
,,,,,,,,,,,,,,,,,,,,
,,,,,,,,,,,,,,,,,,,,
,,,,,,,,,,,,,,,,,,,,
,,,,,,,,,,,,,,,,,,,,
,,,,,,,,,,,,,,,,,,,,
,,,,,,,,,,,,,,,,,,,,
,,,,,,,,,,,,,,,,,,,,
,,,,,,,,,,,,,,,,,,,,
,,,,,,,,,,,,,,,,,,,,
,,,,,,,,,,,,,,,,,,,,
,,,,,,,,,,,,,,,,,,,,
,,,,,,,,,,,,,,,,,,,,
,,,,,,,,,,,,,,,,,,,,
,,,,,,,,,,,,,,,,,,,,
,,,,,,,,,,,,,,,,,,,,
,,,,,,,,,,,,,,,,,,,,
,,,,,,,,,,,,,,,,,,,,
,,,,,,,,,,,,,,,,,,,,
,,,,,,,,,,,,,,,,,,,,
,,,,,,,,,,,,,,,,,,,,
,,,,,,,,,,,,,,,,,,,,
,,,,,,,,,,,,,,,,,,,,
,,,,,,,,,,,,,,,,,,,,
,,,,,,,,,,,,,,,,,,,,
,,,,,,,,,,,,,,,,,,,,
,,,,,,,,,,,,,,,,,,,,
,,,,,,,,,,,,,,,,,,,,
,,,,,,,,,,,,,,,,,,,,
,,,,,,,,,,,,,,,,,,,,
,,,,,,,,,,,,,,,,,,,,
,,,,,,,,,,,,,,,,,,,,
,,,,,,,,,,,,,,,,,,,,
,,,,,,,,,,,,,,,,,,,,
,,,,,,,,,,,,,,,,,,,,
,,,,,,,,,,,,,,,,,,,,
,,,,,,,,,,,,,,,,,,,,
,,,,,,,,,,,,,,,,,,,,
,,,,,,,,,,,,,,,,,,,,
,,,,,,,,,,,,,,,,,,,,
,,,,,,,,,,,,,,,,,,,,
,,,,,,,,,,,,,,,,,,,,
,,,,,,,,,,,,,,,,,,,,
,,,,,,,,,,,,,,,,,,,,
,,,,,,,,,,,,,,,,,,,,
,,,,,,,,,,,,,,,,,,,,
,,,,,,,,,,,,,,,,,,,,
,,,,,,,,,,,,,,,,,,,,
,,,,,,,,,,,,,,,,,,,,
,,,,,,,,,,,,,,,,,,,,
,,,,,,,,,,,,,,,,,,,,
,,,,,,,,,,,,,,,,,,,,
,,,,,,,,,,,,,,,,,,,,
,,,,,,,,,,,,,,,,,,,,
,,,,,,,,,,,,,,,,,,,,
,,,,,,,,,,,,,,,,,,,,
,,,,,,,,,,,,,,,,,,,,
,,,,,,,,,,,,,,,,,,,,
,,,,,,,,,,,,,,,,,,,,
,,,,,,,,,,,,,,,,,,,,
,,,,,,,,,,,,,,,,,,,,
,,,,,,,,,,,,,,,,,,,,
,,,,,,,,,,,,,,,,,,,,
,,,,,,,,,,,,,,,,,,,,
,,,,,,,,,,,,,,,,,,,,
,,,,,,,,,,,,,,,,,,,,
,,,,,,,,,,,,,,,,,,,,
,,,,,,,,,,,,,,,,,,,,
,,,,,,,,,,,,,,,,,,,,
,,,,,,,,,,,,,,,,,,,,
,,,,,,,,,,,,,,,,,,,,
,,,,,,,,,,,,,,,,,,,,
,,,,,,,,,,,,,,,,,,,,
,,,,,,,,,,,,,,,,,,,,
,,,,,,,,,,,,,,,,,,,,
,,,,,,,,,,,,,,,,,,,,
,,,,,,,,,,,,,,,,,,,,
,,,,,,,,,,,,,,,,,,,,
,,,,,,,,,,,,,,,,,,,,
,,,,,,,,,,,,,,,,,,,,
,,,,,,,,,,,,,,,,,,,,
,,,,,,,,,,,,,,,,,,,,
,,,,,,,,,,,,,,,,,,,,
,,,,,,,,,,,,,,,,,,,,
,,,,,,,,,,,,,,,,,,,,
,,,,,,,,,,,,,,,,,,,,
,,,,,,,,,,,,,,,,,,,,
,,,,,,,,,,,,,,,,,,,,
,,,,,,,,,,,,,,,,,,,,
,,,,,,,,,,,,,,,,,,,,
,,,,,,,,,,,,,,,,,,,,
,,,,,,,,,,,,,,,,,,,,
,,,,,,,,,,,,,,,,,,,,
,,,,,,,,,,,,,,,,,,,,
,,,,,,,,,,,,,,,,,,,,
,,,,,,,,,,,,,,,,,,,,
,,,,,,,,,,,,,,,,,,,,
,,,,,,,,,,,,,,,,,,,,
,,,,,,,,,,,,,,,,,,,,
,,,,,,,,,,,,,,,,,,,,
,,,,,,,,,,,,,,,,,,,,
,,,,,,,,,,,,,,,,,,,,
,,,,,,,,,,,,,,,,,,,,
,,,,,,,,,,,,,,,,,,,,
,,,,,,,,,,,,,,,,,,,,
,,,,,,,,,,,,,,,,,,,,
,,,,,,,,,,,,,,,,,,,,
,,,,,,,,,,,,,,,,,,,,
,,,,,,,,,,,,,,,,,,,,
,,,,,,,,,,,,,,,,,,,,
,,,,,,,,,,,,,,,,,,,,
,,,,,,,,,,,,,,,,,,,,
,,,,,,,,,,,,,,,,,,,,
,,,,,,,,,,,,,,,,,,,,
,,,,,,,,,,,,,,,,,,,,
,,,,,,,,,,,,,,,,,,,,
,,,,,,,,,,,,,,,,,,,,
,,,,,,,,,,,,,,,,,,,,
,,,,,,,,,,,,,,,,,,,,
,,,,,,,,,,,,,,,,,,,,
,,,,,,,,,,,,,,,,,,,,
,,,,,,,,,,,,,,,,,,,,
,,,,,,,,,,,,,,,,,,,,
,,,,,,,,,,,,,,,,,,,,
,,,,,,,,,,,,,,,,,,,,
,,,,,,,,,,,,,,,,,,,,
,,,,,,,,,,,,,,,,,,,,
,,,,,,,,,,,,,,,,,,,,
,,,,,,,,,,,,,,,,,,,,
,,,,,,,,,,,,,,,,,,,,
,,,,,,,,,,,,,,,,,,,,
,,,,,,,,,,,,,,,,,,,,
,,,,,,,,,,,,,,,,,,,,
,,,,,,,,,,,,,,,,,,,,
,,,,,,,,,,,,,,,,,,,,
,,,,,,,,,,,,,,,,,,,,
,,,,,,,,,,,,,,,,,,,,
,,,,,,,,,,,,,,,,,,,,
,,,,,,,,,,,,,,,,,,,,
,,,,,,,,,,,,,,,,,,,,
,,,,,,,,,,,,,,,,,,,,
,,,,,,,,,,,,,,,,,,,,
,,,,,,,,,,,,,,,,,,,,
,,,,,,,,,,,,,,,,,,,,
,,,,,,,,,,,,,,,,,,,,
,,,,,,,,,,,,,,,,,,,,
,,,,,,,,,,,,,,,,,,,,
,,,,,,,,,,,,,,,,,,,,
,,,,,,,,,,,,,,,,,,,,
,,,,,,,,,,,,,,,,,,,,
,,,,,,,,,,,,,,,,,,,,
,,,,,,,,,,,,,,,,,,,,
,,,,,,,,,,,,,,,,,,,,
,,,,,,,,,,,,,,,,,,,,
,,,,,,,,,,,,,,,,,,,,
,,,,,,,,,,,,,,,,,,,,
,,,,,,,,,,,,,,,,,,,,
,,,,,,,,,,,,,,,,,,,,
,,,,,,,,,,,,,,,,,,,,
,,,,,,,,,,,,,,,,,,,,
,,,,,,,,,,,,,,,,,,,,
,,,,,,,,,,,,,,,,,,,,
,,,,,,,,,,,,,,,,,,,,
,,,,,,,,,,,,,,,,,,,,
,,,,,,,,,,,,,,,,,,,,
,,,,,,,,,,,,,,,,,,,,
,,,,,,,,,,,,,,,,,,,,
,,,,,,,,,,,,,,,,,,,,
,,,,,,,,,,,,,,,,,,,,
,,,,,,,,,,,,,,,,,,,,
,,,,,,,,,,,,,,,,,,,,
,,,,,,,,,,,,,,,,,,,,
,,,,,,,,,,,,,,,,,,,,
,,,,,,,,,,,,,,,,,,,,
,,,,,,,,,,,,,,,,,,,,
,,,,,,,,,,,,,,,,,,,,
,,,,,,,,,,,,,,,,,,,,
,,,,,,,,,,,,,,,,,,,,
,,,,,,,,,,,,,,,,,,,,
,,,,,,,,,,,,,,,,,,,,
,,,,,,,,,,,,,,,,,,,,
,,,,,,,,,,,,,,,,,,,,
,,,,,,,,,,,,,,,,,,,,
,,,,,,,,,,,,,,,,,,,,
,,,,,,,,,,,,,,,,,,,,
,,,,,,,,,,,,,,,,,,,,
,,,,,,,,,,,,,,,,,,,,
,,,,,,,,,,,,,,,,,,,,
,,,,,,,,,,,,,,,,,,,,
,,,,,,,,,,,,,,,,,,,,
,,,,,,,,,,,,,,,,,,,,
,,,,,,,,,,,,,,,,,,,,
,,,,,,,,,,,,,,,,,,,,
,,,,,,,,,,,,,,,,,,,,
,,,,,,,,,,,,,,,,,,,,
,,,,,,,,,,,,,,,,,,,,
,,,,,,,,,,,,,,,,,,,,
,,,,,,,,,,,,,,,,,,,,
,,,,,,,,,,,,,,,,,,,,
,,,,,,,,,,,,,,,,,,,,
,,,,,,,,,,,,,,,,,,,,
,,,,,,,,,,,,,,,,,,,,
,,,,,,,,,,,,,,,,,,,,
,,,,,,,,,,,,,,,,,,,,
,,,,,,,,,,,,,,,,,,,,
,,,,,,,,,,,,,,,,,,,,
,,,,,,,,,,,,,,,,,,,,
,,,,,,,,,,,,,,,,,,,,
,,,,,,,,,,,,,,,,,,,,
,,,,,,,,,,,,,,,,,,,,
,,,,,,,,,,,,,,,,,,,,
,,,,,,,,,,,,,,,,,,,,
,,,,,,,,,,,,,,,,,,,,
,,,,,,,,,,,,,,,,,,,,
,,,,,,,,,,,,,,,,,,,,
,,,,,,,,,,,,,,,,,,,,
,,,,,,,,,,,,,,,,,,,,
,,,,,,,,,,,,,,,,,,,,
,,,,,,,,,,,,,,,,,,,,
,,,,,,,,,,,,,,,,,,,,
,,,,,,,,,,,,,,,,,,,,
,,,,,,,,,,,,,,,,,,,,
,,,,,,,,,,,,,,,,,,,,
,,,,,,,,,,,,,,,,,,,,
,,,,,,,,,,,,,,,,,,,,
,,,,,,,,,,,,,,,,,,,,
,,,,,,,,,,,,,,,,,,,,
,,,,,,,,,,,,,,,,,,,,
,,,,,,,,,,,,,,,,,,,,
,,,,,,,,,,,,,,,,,,,,
,,,,,,,,,,,,,,,,,,,,
,,,,,,,,,,,,,,,,,,,,
,,,,,,,,,,,,,,,,,,,,
,,,,,,,,,,,,,,,,,,,,
,,,,,,,,,,,,,,,,,,,,
,,,,,,,,,,,,,,,,,,,,
,,,,,,,,,,,,,,,,,,,,
,,,,,,,,,,,,,,,,,,,,
,,,,,,,,,,,,,,,,,,,,
,,,,,,,,,,,,,,,,,,,,
,,,,,,,,,,,,,,,,,,,,
,,,,,,,,,,,,,,,,,,,,
,,,,,,,,,,,,,,,,,,,,
,,,,,,,,,,,,,,,,,,,,
,,,,,,,,,,,,,,,,,,,,
,,,,,,,,,,,,,,,,,,,,
,,,,,,,,,,,,,,,,,,,,
,,,,,,,,,,,,,,,,,,,,
,,,,,,,,,,,,,,,,,,,,
,,,,,,,,,,,,,,,,,,,,
,,,,,,,,,,,,,,,,,,,,
,,,,,,,,,,,,,,,,,,,,
,,,,,,,,,,,,,,,,,,,,
,,,,,,,,,,,,,,,,,,,,
,,,,,,,,,,,,,,,,,,,,
,,,,,,,,,,,,,,,,,,,,
,,,,,,,,,,,,,,,,,,,,
,,,,,,,,,,,,,,,,,,,,
,,,,,,,,,,,,,,,,,,,,
,,,,,,,,,,,,,,,,,,,,
,,,,,,,,,,,,,,,,,,,,
,,,,,,,,,,,,,,,,,,,,
,,,,,,,,,,,,,,,,,,,,
,,,,,,,,,,,,,,,,,,,,
,,,,,,,,,,,,,,,,,,,,
,,,,,,,,,,,,,,,,,,,,
,,,,,,,,,,,,,,,,,,,,
,,,,,,,,,,,,,,,,,,,,
,,,,,,,,,,,,,,,,,,,,
,,,,,,,,,,,,,,,,,,,,
,,,,,,,,,,,,,,,,,,,,
,,,,,,,,,,,,,,,,,,,,
,,,,,,,,,,,,,,,,,,,,
,,,,,,,,,,,,,,,,,,,,
,,,,,,,,,,,,,,,,,,,,
,,,,,,,,,,,,,,,,,,,,
,,,,,,,,,,,,,,,,,,,,
,,,,,,,,,,,,,,,,,,,,
,,,,,,,,,,,,,,,,,,,,
,,,,,,,,,,,,,,,,,,,,
,,,,,,,,,,,,,,,,,,,,
,,,,,,,,,,,,,,,,,,,,
,,,,,,,,,,,,,,,,,,,,
,,,,,,,,,,,,,,,,,,,,
,,,,,,,,,,,,,,,,,,,,
,,,,,,,,,,,,,,,,,,,,
,,,,,,,,,,,,,,,,,,,,
,,,,,,,,,,,,,,,,,,,,
,,,,,,,,,,,,,,,,,,,,
,,,,,,,,,,,,,,,,,,,,
,,,,,,,,,,,,,,,,,,,,
,,,,,,,,,,,,,,,,,,,,
,,,,,,,,,,,,,,,,,,,,
,,,,,,,,,,,,,,,,,,,,
,,,,,,,,,,,,,,,,,,,,
,,,,,,,,,,,,,,,,,,,,
,,,,,,,,,,,,,,,,,,,,
,,,,,,,,,,,,,,,,,,,,
,,,,,,,,,,,,,,,,,,,,
,,,,,,,,,,,,,,,,,,,,
,,,,,,,,,,,,,,,,,,,,
,,,,,,,,,,,,,,,,,,,,
,,,,,,,,,,,,,,,,,,,,
,,,,,,,,,,,,,,,,,,,,
,,,,,,,,,,,,,,,,,,,,
,,,,,,,,,,,,,,,,,,,,
,,,,,,,,,,,,,,,,,,,,
,,,,,,,,,,,,,,,,,,,,
,,,,,,,,,,,,,,,,,,,,
,,,,,,,,,,,,,,,,,,,,
,,,,,,,,,,,,,,,,,,,,
,,,,,,,,,,,,,,,,,,,,
,,,,,,,,,,,,,,,,,,,,
,,,,,,,,,,,,,,,,,,,,
,,,,,,,,,,,,,,,,,,,,
,,,,,,,,,,,,,,,,,,,,
,,,,,,,,,,,,,,,,,,,,
,,,,,,,,,,,,,,,,,,,,
,,,,,,,,,,,,,,,,,,,,
,,,,,,,,,,,,,,,,,,,,
,,,,,,,,,,,,,,,,,,,,
,,,,,,,,,,,,,,,,,,,,
,,,,,,,,,,,,,,,,,,,,
,,,,,,,,,,,,,,,,,,,,
,,,,,,,,,,,,,,,,,,,,
,,,,,,,,,,,,,,,,,,,,
,,,,,,,,,,,,,,,,,,,,
,,,,,,,,,,,,,,,,,,,,
,,,,,,,,,,,,,,,,,,,,
,,,,,,,,,,,,,,,,,,,,
,,,,,,,,,,,,,,,,,,,,
,,,,,,,,,,,,,,,,,,,,
,,,,,,,,,,,,,,,,,,,,
,,,,,,,,,,,,,,,,,,,,
,,,,,,,,,,,,,,,,,,,,
,,,,,,,,,,,,,,,,,,,,
,,,,,,,,,,,,,,,,,,,,
,,,,,,,,,,,,,,,,,,,,
,,,,,,,,,,,,,,,,,,,,
,,,,,,,,,,,,,,,,,,,,
,,,,,,,,,,,,,,,,,,,,
,,,,,,,,,,,,,,,,,,,,
,,,,,,,,,,,,,,,,,,,,
,,,,,,,,,,,,,,,,,,,,
,,,,,,,,,,,,,,,,,,,,
,,,,,,,,,,,,,,,,,,,,
,,,,,,,,,,,,,,,,,,,,
,,,,,,,,,,,,,,,,,,,,
,,,,,,,,,,,,,,,,,,,,
,,,,,,,,,,,,,,,,,,,,
,,,,,,,,,,,,,,,,,,,,
,,,,,,,,,,,,,,,,,,,,
,,,,,,,,,,,,,,,,,,,,
,,,,,,,,,,,,,,,,,,,,
,,,,,,,,,,,,,,,,,,,,
,,,,,,,,,,,,,,,,,,,,
,,,,,,,,,,,,,,,,,,,,
,,,,,,,,,,,,,,,,,,,,
,,,,,,,,,,,,,,,,,,,,
,,,,,,,,,,,,,,,,,,,,
,,,,,,,,,,,,,,,,,,,,
,,,,,,,,,,,,,,,,,,,,
,,,,,,,,,,,,,,,,,,,,
,,,,,,,,,,,,,,,,,,,,
,,,,,,,,,,,,,,,,,,,,
,,,,,,,,,,,,,,,,,,,,
,,,,,,,,,,,,,,,,,,,,
,,,,,,,,,,,,,,,,,,,,
,,,,,,,,,,,,,,,,,,,,
,,,,,,,,,,,,,,,,,,,,
,,,,,,,,,,,,,,,,,,,,
,,,,,,,,,,,,,,,,,,,,
,,,,,,,,,,,,,,,,,,,,
,,,,,,,,,,,,,,,,,,,,
,,,,,,,,,,,,,,,,,,,,
,,,,,,,,,,,,,,,,,,,,
,,,,,,,,,,,,,,,,,,,,
,,,,,,,,,,,,,,,,,,,,
,,,,,,,,,,,,,,,,,,,,
,,,,,,,,,,,,,,,,,,,,
,,,,,,,,,,,,,,,,,,,,
,,,,,,,,,,,,,,,,,,,,
,,,,,,,,,,,,,,,,,,,,
,,,,,,,,,,,,,,,,,,,,
,,,,,,,,,,,,,,,,,,,,
,,,,,,,,,,,,,,,,,,,,
,,,,,,,,,,,,,,,,,,,,
,,,,,,,,,,,,,,,,,,,,
,,,,,,,,,,,,,,,,,,,,
,,,,,,,,,,,,,,,,,,,,
,,,,,,,,,,,,,,,,,,,,
,,,,,,,,,,,,,,,,,,,,
,,,,,,,,,,,,,,,,,,,,
,,,,,,,,,,,,,,,,,,,,
,,,,,,,,,,,,,,,,,,,,
,,,,,,,,,,,,,,,,,,,,
